131166,322788,47380851,202403190619
880029,322788,47380851,202403190026
382439,322788,47380851,202404122308
9288,322788,47380851,202403190208
679398,322788,47380851,202403190012
236072,322788,47380851,202403190057
853094,322788,47380851,202403190344
34295,322788,47380851,202403190055
66061,322788,47380851,202403190057
1495460,322788,47380851,202403190013
1039245,322788,47380851,202403190203
42409,322788,47380851,202403190200
60203,322788,47380851,202403190743
33043,322788,47380851,202403190158
421497,322788,47380851,202403192114
29979,322788,47380851,202403190000
621087,322788,47380851,202403190401
250124,322788,47380851,202403191154
568263,322788,47380851,202403190003
276546,322788,47380851,202403190322
87389,322788,47380851,202403190148
31278,322788,47380851,202403190201
60060,322788,47380851,202403190721
93303,322788,47380851,202403190058
1797469,582545,26346656,202403190513
131166,582545,26346656,202403190620
64509,582545,26346656,202403190026
50694,582545,26346656,202403191229
3243121,582545,26346656,202403182346
219817,582545,26346656,202403190041
2558946,582545,26346656,202403190714
962315,582545,26346656,202403190128
38952,582545,26346656,202403191408
967717,582545,26346656,202403191437
562802,582545,26346656,202403191357
473873,582545,26346656,202403190307
448093,582545,26346656,202403190051
1039355,582545,26346656,202403191223
31158,582545,26346656,202403190634
1725181,582545,26346656,202403190620
30177,582545,26346656,202403190029
77120,582545,26346656,202403190024
334298,582545,26346656,202403190924
498915,582545,26346656,202403182349
347289,582545,26346656,202403190340
94722,582545,26346656,202403190951
469638,582545,26346656,202403191316
736862,582545,26346656,202403190247
250124,582545,26346656,202403190003
504028,582545,26346656,202403190004
560952,582545,26346656,202403190000
128227,582545,26346656,202403190625
177139,582545,26346656,202403190926
76927,582545,26346656,202403190140
21585,582545,26346656,202403191154
153122,582545,26346656,202403191313
4410860,582545,26346656,202403190031
61644,582545,26346656,202403182355
1035087,582545,26346656,202403190026
106305,582545,26346656,202403190916
23797,582545,26346656,202403190458
66684,582545,26346656,202403191340
89046,582545,26346656,202403190800
9031,582545,26346656,202403190945
141460,582545,26346656,202403190621
85059,582545,26346656,202403201154
424978,51435,74495350,202403201209
51395,51435,74495350,202403190523
1127896,51435,74495350,202403191322
424983,51435,74495350,202403190621
259083,51435,74495350,202403190709
192314,51435,74495350,202403182155
51303,51435,74495350,202403182229
449589,51435,74495350,202403190351
51435,51435,74495350,202403190651
3443302,51435,74495350,202403191350
424971,51435,74495350,202403192206
1797469,36935,125259855,202403190520
128245,36935,125259855,202403182058
65745,36935,125259855,202403182138
77198,36935,125259855,202403182225
66912,36935,125259855,202403190430
2094003,36935,125259855,202403190108
1012169,36935,125259855,202403182153
1035221,560953,68873777,202403182144
11018,560953,68873777,202403191347
51419,560953,68873777,202403182232
66336,560953,68873777,202403192101
572704,560953,68873777,202403182227
711251,560953,68873777,202403191349
66241,560953,68873777,202403191301
51303,560953,68873777,202403182228
449589,560953,68873777,202403190351
176497,560953,68873777,202403210457
447821,560953,68873777,202403182230
469638,560953,68873777,202403191300
21585,560953,68873777,202403191257
75894,560953,68873777,202403191407
51401,560953,68873777,202403190355
89880,46772,47380892,202403190529
448976,46772,47380892,202403182002
1956085,46772,47380892,202403182259
287751,46772,47380892,202403182003
142182,46772,47380892,202403182021
30773,46772,47380892,202403182003
31158,46772,47380892,202403182023
1505559,46772,47380892,202403191155
65589,46772,47380892,202403182130
269118,46772,47380892,202403190248
65958,46772,47380892,202403191255
758082,46772,47380892,202403182135
31347,46772,47380892,202403182335
89,46772,47380892,202403182218
638573,46772,47380892,202403182300
413128,482292,930251,202403191016
482278,482292,930251,202404081045
244720,482292,930251,202403190904
482289,482292,930251,202403190608
295769,482292,930251,202403182007
572704,272206,142779054,202403182316
458390,272206,142779054,202403190001
274206,272206,142779054,202403181930
442760,272206,142779054,202403190225
224488,272206,142779054,202403190729
668410,272206,142779054,202403181946
853094,342071,74123064,202403190346
250124,342071,74123064,202403191155
698506,167588,20948772,202403181900
128245,167588,20948772,202403181943
238516,167588,20948772,202403182359
139275,167588,20948772,202403182011
161564,167588,20948772,202403181858
99537,167588,20948772,202403181917
51303,560953,115225880,202403182226
46794,560953,115225880,202403181855
853094,397544,167697120,202403190004
230297,397544,167697120,202403181947
65924,397544,167697120,202403192009
169005,397544,167697120,202403181951
397568,582545,40137828,202403181837
49305,582545,40137828,202403182350
2558946,582545,40137828,202403182018
1798215,582545,40137828,202403190634
32976,582545,40137828,202403190056
91109,582545,40137828,202403181818
1037895,582545,40137828,202403190009
397547,582545,40137828,202403190057
65962,582545,40137828,202403181804
66576,582545,40137828,202403190055
46794,582545,40137828,202403181855
283833,582545,40137828,202403182350
76927,582545,40137828,202403190153
1035050,582545,40137828,202403230929
65924,582545,40137828,202403192009
397550,582545,40137828,202403181803
37404,71,32447034,202403181712
438575,71,32447034,202403181851
397544,71,32447034,202403181805
387186,71,32447034,202403181701
1889956,71,32447034,202403190832
353562,71,32447034,202403181705
287740,71,32447034,202403191236
558273,71,32447034,202403190639
343162,71,32447034,202403181703
571775,71,32447034,202403181921
92815,71,32447034,202403181719
169007,71,32447034,202403181712
444566,71,32447034,202403181701
264959,71,32447034,202403191256
42606,71,32447034,202403182120
168965,71,32447034,202403182138
34427,71,32447034,202403212237
130990,71,32447034,202403181742
493620,71,32447034,202403181715
515930,71,32447034,202403181704
1651168,71,32447034,202403181914
72389,71,32447034,202403191028
137458,71,32447034,202403181702
597263,71,32447034,202403181859
342075,71,32447034,202403190839
66493,71,32447034,202403181702
30250,71,32447034,202403181711
71717,71,32447034,202403181928
141460,71,32447034,202403190816
397544,77155,8109270,202403181805
181592,77155,8109270,202403181856
354795,77155,8109270,202403181820
34191,77155,8109270,202403181704
37676,77155,8109270,202403181743
33945,77155,8109270,202403181704
1248,77155,8109270,202403181703
31829,77155,8109270,202403181709
77104,77155,8109270,202403181657
65995,77155,8109270,202403181716
65596,77155,8109270,202403181705
411863,77155,8109270,202403181712
251980,77155,8109270,202403181800
144828,77155,8109270,202403181815
250124,77155,8109270,202403181655
32556,77155,8109270,202403181703
148761,77155,8109270,202403181711
31278,77155,8109270,202403190005
66087,77155,8109270,202403181710
66493,77155,8109270,202403181704
130513,76963,13365479,202403181645
645149,76963,13365479,202403181703
579844,76963,13365479,202403190319
1857227,76963,13365479,202403182151
18055,76963,13365479,202403181647
1039245,76963,13365479,202403190636
92347,76963,13365479,202403181632
120274,76963,13365479,202403181826
346966,76963,13365479,202403190058
242549,76963,13365479,202403181645
33085,76963,13365479,202403190245
99537,76963,13365479,202403181736
32331,76963,13365479,202403181739
31513,76963,13365479,202403181627
51401,76963,13365479,202403182123
434724,77155,8109267,202403181850
1386449,77155,8109267,202403181607
20872,53885,18203546,202403190113
1797469,53885,18203546,202403181812
818942,53885,18203546,202403182200
66861,53885,18203546,202403190149
345740,53885,18203546,202403181639
33188,53885,18203546,202403181950
275765,53885,18203546,202403190121
285407,53885,18203546,202403190123
90385,53885,18203546,202403181857
66553,53885,18203546,202403181850
318959,53885,18203546,202403181939
426003,53885,18203546,202403190047
66023,53885,18203546,202403181846
148053,53885,18203546,202403181554
77051,53885,18203546,202403191630
168942,53885,18203546,202403211849
189895,53885,18203546,202403181600
62052,53885,18203546,202403181639
493915,53885,18203546,202403181553
288551,53885,18203546,202403201848
551524,53885,18203546,202403181911
162024,53885,18203546,202403181612
77378,53885,18203546,202403190127
18622,53885,18203546,202403181933
333595,53885,18203546,202403181858
700323,53885,18203546,202403181832
1039245,53885,18203546,202403190326
454563,53885,18203546,202403200340
77237,53885,18203546,202403181924
121927,53885,18203546,202403201758
35868,53885,18203546,202403201519
490897,53885,18203546,202403181634
77132,53885,18203546,202403181603
65563,53885,18203546,202403181822
347289,53885,18203546,202403181732
53908,53885,18203546,202403191623
41118,53885,18203546,202403181942
250124,53885,18203546,202403181556
21575,53885,18203546,202403182015
137458,53885,18203546,202403181601
64514,53885,18203546,202403190038
82457,53885,18203546,202403191343
100761,53885,18203546,202403201830
21585,53885,18203546,202403181817
51061,53885,18203546,202403181838
662651,53885,18203546,202403181711
61644,53885,18203546,202403210100
675066,53885,18203546,202403181721
260656,53885,18203546,202403191116
1012169,53885,18203546,202403182156
207349,53885,18203546,202403181705
77255,53885,18203546,202403181635
69064,42564,19332873,202403181553
6843,42564,19332873,202403181552
4410773,42564,19332873,202403181824
2702658,42564,19332873,202403190204
65848,42564,19332873,202403181704
84973,42564,19332873,202403181553
645149,42564,19332873,202403181716
842183,42564,19332873,202403181548
803283,42564,19332873,202403181557
247670,42564,19332873,202403181729
61688,42564,19332873,202403202007
2114144,42564,19332873,202403181627
3654792,42564,19332873,202403190041
853094,42564,19332873,202403190006
139625,42564,19332873,202403181710
178484,42564,19332873,202403181600
804200,42564,19332873,202403181626
717088,42564,19332873,202403181634
211910,42564,19332873,202403181558
2244843,42564,19332873,202403190458
66428,42564,19332873,202403181611
38952,42564,19332873,202403181648
931726,42564,19332873,202403181541
535995,42564,19332873,202403181614
537036,42564,19332873,202403181742
235721,42564,19332873,202403181557
394395,42564,19332873,202403181618
154192,42564,19332873,202403181556
1981501,42564,19332873,202403181553
100038,42564,19332873,202403181607
510131,42564,19332873,202403181555
3625752,42564,19332873,202403190534
32390,42564,19332873,202403181538
65631,42564,19332873,202403181539
726633,42564,19332873,202403181552
343921,42564,19332873,202403181600
34579,42564,19332873,202403181541
2095312,42564,19332873,202403181808
447774,42564,19332873,202403191314
378388,42564,19332873,202403181835
1541928,42564,19332873,202403220601
1676428,42564,19332873,202403191143
447949,42564,19332873,202403181552
378473,42564,19332873,202403181639
796220,42564,19332873,202403181606
65595,42564,19332873,202403181617
107957,42564,19332873,202403181615
412235,42564,19332873,202403181537
443210,42564,19332873,202403181554
6376,42564,19332873,202403181552
3055245,42564,19332873,202403211457
162073,42564,19332873,202403181544
163477,42564,19332873,202403181558
343181,42564,19332873,202403181537
702402,42564,19332873,202403181604
29979,42564,19332873,202403181547
739966,42564,19332873,202403190755
280526,42564,19332873,202403191449
241848,42564,19332873,202403181556
1757939,42564,19332873,202403181546
1035922,42564,19332873,202403181757
1929268,42564,19332873,202403181613
797492,42564,19332873,202403181605
21614,42564,19332873,202403181610
52139,42564,19332873,202403181537
925661,42564,19332873,202403181455
33411,42564,19332873,202403181606
668410,42564,19332873,202403181732
65439,42564,19332873,202403191414
2085879,42564,19332873,202403181652
41434,42564,19332873,202403181539
37688,42564,19332873,202403181606
334922,42564,19332873,202403181726
295769,42564,19332873,202403181556
1254262,42564,19332873,202403181953
65403,42564,19332873,202403182313
529922,42564,19332873,202403181622
65936,42564,19332873,202403181759
93309,42564,19332873,202403181623
36988,42564,19332873,202403191309
656477,42564,19332873,202403181539
73529,42564,19332873,202403181557
32820,42564,19332873,202403181727
293779,42564,19332873,202403181756
1686525,42564,19332873,202403190018
1357447,42564,19332873,202403181716
87927,42564,19332873,202403182139
3474885,42564,19332873,202403181819
498093,42564,19332873,202403181537
274562,42564,19332873,202403181537
58861,42564,19332873,202403181838
296142,42564,19332873,202403181549
1012176,42564,19332873,202403181618
18350,42564,19332873,202403181541
1004981,42564,19332873,202403181543
66048,128227,15861879,202403181637
128271,128227,15861879,202403181519
66553,128227,15861879,202403181847
2093407,128227,15861879,202403190227
64695,128227,15861879,202403182048
1386449,128227,15861879,202403181608
66241,128227,15861879,202403181835
1804183,128227,15861879,202403181723
55459,128227,15861879,202403181821
562802,128227,15861879,202403181918
194817,128227,15861879,202403181649
167607,128227,15861879,202403181546
85100,128227,15861879,202403181616
64564,128227,15861879,202403182145
153715,128227,15861879,202403181550
27017,128227,15861879,202403181540
181487,128227,15861879,202403181519
4414155,128227,15861879,202403190208
102914,128227,15861879,202403190729
447812,128227,15861879,202403190128
64502,128227,15861879,202403181522
469638,128227,15861879,202403182148
250124,128227,15861879,202403181549
65958,128227,15861879,202403181543
100632,128227,15861879,202403181526
886507,128227,15861879,202403181829
76966,128227,15861879,202403181524
295769,128227,15861879,202403181539
66677,128227,15861879,202403182026
66523,128227,15861879,202403182021
93682,128227,15861879,202404141645
21585,128227,15861879,202403181819
468630,128227,15861879,202403201421
454217,128227,15861879,202403190056
451257,128227,15861879,202403202044
34550,128227,15861879,202403181827
65738,89126,58756610,202403181551
474027,89126,58756610,202403181618
269118,89126,58756610,202403181543
65965,89126,58756610,202403181610
314814,89126,58756610,202403181531
250124,89126,58756610,202403181549
855201,89126,58756610,202403181505
100841,89126,58756610,202403181503
99509,89126,58756610,202403181557
65380,89126,58756610,202403181552
87927,89126,58756610,202403182138
23797,89126,58756610,202403182254
167621,77155,8109271,202403211547
148032,77155,8109271,202403181520
338042,77155,8109271,202403181604
1797469,430528,55675622,202403181814
89667,430528,55675622,202403190315
562802,582545,175868053,202403181649
91109,582545,175868053,202403181341
8,582545,175868053,202403190001
1221911,582545,175868053,202403181641
447821,582545,175868053,202403181416
469638,582545,175868053,202403181721
76927,582545,175868053,202403181440
66493,582545,175868053,202403181511
65257,582545,175868053,202403181509
492251,582545,175868053,202403181510
77152,162639,109181001,202403181159
222566,162639,109181001,202403181819
269118,162639,109181001,202403181243
250124,162639,109181001,202403181220
565373,162639,109181001,202403181950
327249,162639,109181001,202403181210
89,162639,109181001,202403181207
141460,162639,109181001,202403181158
32579,162639,109181001,202403182029
51322,167588,210371037,202403181049
290946,167588,210371037,202403180955
101156,167588,210371037,202403181214
77148,167588,210371037,202403181404
269118,167588,210371037,202403181243
299330,167588,210371037,202403181106
163091,167588,210371037,202403181004
334698,167588,210371037,202403181026
299655,167588,210371037,202403181036
238516,64607,174346337,202403181844
430498,64607,174346337,202403181255
515248,6409,12961020,202403180955
668524,6409,12961020,202403180857
299655,6409,12961020,202403181036
312582,6409,12961020,202403180844
1254632,185955,107759585,202403180426
386741,185955,107759585,202404130058
1124653,185955,107759585,202404130103
455261,185955,107759585,202403180124
48919,185955,107759585,202403180145
940418,582545,7105466,202403180114
397568,582545,7105466,202403172255
31534,582545,7105466,202403180047
19208,582545,7105466,202403181024
900593,582545,7105466,202403180220
79679,582545,7105466,202403180050
68745,582545,7105466,202403180206
2091063,582545,7105466,202403180342
2558946,582545,7105466,202403180653
71678,582545,7105466,202403182039
66170,582545,7105466,202403180134
190638,582545,7105466,202403180057
1348159,582545,7105466,202403180945
1922843,582545,7105466,202403180244
724244,582545,7105466,202403180049
239106,582545,7105466,202403180050
52104,582545,7105466,202403180048
31158,582545,7105466,202403180132
345448,582545,7105466,202403172202
3368804,582545,7105466,202403180158
4153785,582545,7105466,202403180156
1036854,582545,7105466,202403180058
2950444,582545,7105466,202403181556
661275,582545,7105466,202403180421
1036641,582545,7105466,202403181332
30029,582545,7105466,202403181024
446815,582545,7105466,202403190822
76963,582545,7105466,202403172357
923666,582545,7105466,202403180052
325413,582545,7105466,202403172156
2591969,582545,7105466,202403181220
65924,582545,7105466,202403172156
2481,582545,7105466,202403180047
2076776,582545,7105466,202403181438
65916,582545,7105466,202403180139
34264,582545,7105466,202403180449
2900471,582545,7105466,202403181349
871145,582545,7105466,202403180104
452970,582545,7105466,202403180053
57539,251805,226860528,202403231020
715439,434359,25577403,202403172211
51322,434359,25577403,202403172004
139569,434359,25577403,202403172016
130271,434359,25577403,202403191615
188947,434359,25577403,202403182248
37785,434359,25577403,202403180517
275117,434359,25577403,202403201128
220802,434359,25577403,202403200529
599959,434359,25577403,202403172011
291986,434359,25577403,202403171951
31158,434359,25577403,202403180132
14888,434359,25577403,202403172015
388803,434359,25577403,202403172022
347289,434359,25577403,202403172010
51045,434359,25577403,202403172030
644373,434359,25577403,202403172054
93682,434359,25577403,202403172255
770429,434359,25577403,202403180529
21585,434359,25577403,202403172008
438314,434359,25577403,202403181126
51061,434359,25577403,202403181257
438580,434359,25577403,202403172002
89128,434359,25577403,202403180217
286728,251805,226860529,202403171855
217154,71,60747081,202403171815
20872,71,60747081,202403180206
438575,71,60747081,202403180247
645149,71,60747081,202403172112
1108625,71,60747081,202403171712
34495,71,60747081,202403171708
2058390,71,60747081,202403172222
100785,71,60747081,202403171700
132224,71,60747081,202403171730
397795,71,60747081,202403180002
71962,71,60747081,202403171722
803360,71,60747081,202403180544
361048,71,60747081,202403171712
31158,71,60747081,202403180133
14888,71,60747081,202403171745
1036370,71,60747081,202403172013
1023077,71,60747081,202403172156
853707,71,60747081,202403171701
152990,71,60747081,202403172020
644373,71,60747081,202403172053
250124,71,60747081,202403171942
68738,71,60747081,202403172000
361283,71,60747081,202403171839
137458,71,60747081,202403171703
59259,71,60747081,202403181558
53892,71,60747081,202403171727
21585,71,60747081,202403172012
597263,71,60747081,202403171857
683,71,60747081,202403171700
1928582,71,60747081,202403172022
468630,71,60747081,202403171824
468636,71,60747081,202403171713
447944,71,60747081,202403171824
20872,582545,14615916,202403180033
900593,582545,14615916,202403180233
633513,582545,14615916,202403171849
181477,582545,14615916,202403171705
387186,582545,14615916,202403171637
65746,582545,14615916,202403171832
595945,582545,14615916,202403171658
560953,582545,14615916,202403171945
361102,582545,14615916,202403171644
37683,582545,14615916,202403172228
77120,582545,14615916,202403171652
66421,582545,14615916,202403171727
65580,582545,14615916,202403172023
65974,582545,14615916,202403171812
33746,582545,14615916,202403171707
38980,582545,14615916,202403180158
510041,582545,14615916,202403171702
161099,582545,14615916,202403172009
32477,582545,14615916,202403171641
295769,582545,14615916,202403171650
66093,582545,14615916,202403171847
93682,582545,14615916,202403172306
4410860,582545,14615916,202403171842
304734,582545,14615916,202403171651
491881,582545,14615916,202403180339
38982,31513,24426973,202403171721
32567,31513,24426973,202403171706
122728,31513,24426973,202403180956
1494925,31513,24426973,202403171705
1038798,31513,24426973,202403171937
1078525,31513,24426973,202403172032
66023,31513,24426973,202403171714
530897,31513,24426973,202403171635
253228,31513,24426973,202403171821
6832,31513,24426973,202403171705
651125,31513,24426973,202403171736
863568,31513,24426973,202403180455
66421,31513,24426973,202403171656
66850,31513,24426973,202403171933
65974,31513,24426973,202403171655
12541,31513,24426973,202403171705
38980,31513,24426973,202403171658
2595339,31513,24426973,202403190324
32477,31513,24426973,202403171644
65423,31513,24426973,202403172232
531142,31513,24426973,202403171719
859691,31513,24426973,202403171712
280548,31513,24426973,202403171625
247629,31513,24426973,202403171711
65916,31513,24426973,202403180140
5750,31513,24426973,202403171703
34264,31513,24426973,202403180450
66069,31513,24426973,202403171641
20872,582545,17189908,202403180046
162021,582545,17189908,202403171535
51322,582545,17189908,202403181113
641053,582545,17189908,202403171703
900593,582545,17189908,202403180308
633513,582545,17189908,202403171551
181596,582545,17189908,202403171603
560953,582545,17189908,202403171946
716688,582545,17189908,202403171518
345448,582545,17189908,202403172210
402543,582545,17189908,202403181447
161099,582545,17189908,202403172013
905027,582545,17189908,202403171602
32477,582545,17189908,202403171522
21585,582545,17189908,202403171515
65916,582545,17189908,202403180141
83269,582545,17189908,202403171658
1560989,582545,17189908,202403171741
1038342,582545,17189908,202403171525
20872,582545,13497918,202403180309
716909,582545,13497918,202403171528
163677,582545,13497918,202403171620
641053,582545,13497918,202403171702
37671,582545,13497918,202403171518
716293,582545,13497918,202403171603
71678,582545,13497918,202403171526
471660,582545,13497918,202403171527
560953,582545,13497918,202403171947
49578,582545,13497918,202403171540
1036648,582545,13497918,202403172031
713253,582545,13497918,202403171527
504028,582545,13497918,202403171518
325099,582545,13497918,202403171626
32477,582545,13497918,202403171456
325413,582545,13497918,202403171927
65378,582545,13497918,202403171538
151478,582545,13497918,202403171530
304734,582545,13497918,202403171518
143283,582545,13497918,202403171727
66050,582545,13497918,202403171656
65916,582545,13497918,202403180141
288233,582545,13497918,202403171518
365834,582545,13497918,202403171655
6567,582545,13497918,202403171521
330540,582545,13497918,202403171558
5750,582545,13497918,202403171517
93245,582545,13497918,202403171612
30818,582545,13497918,202403171545
530897,76976,31178716,202403171636
51303,76976,31178716,202403172216
20872,582545,13497919,202403180316
61729,582545,13497919,202403171313
37671,582545,13497919,202403171518
944382,582545,13497919,202403171527
560953,582545,13497919,202403171947
44810,582545,13497919,202403180002
32477,582545,13497919,202403171319
65378,582545,13497919,202403171538
100544,582545,13497919,202403171554
853147,582545,13497919,202403180316
208044,424024,32310985,202403171128
30228,424024,32310985,202403171237
385818,424024,32310985,202403171522
125732,424024,32310985,202403180201
295769,424024,32310985,202403171315
167436,77120,82915050,202403171355
122728,77120,82915050,202403171027
938529,77120,82915050,202403171610
507831,77120,82915050,202403171102
37829,77120,82915050,202403171146
102918,77120,82915050,202403201336
18161,77120,82915050,202403171323
87429,77120,82915050,202403171017
139853,77120,82915050,202403171113
38980,77120,82915050,202403171022
32456,77120,82915050,202403171746
1154660,77120,82915050,202403171348
66784,77120,82915050,202403171750
89128,77120,82915050,202403171121
616279,77120,82915050,202403171247
85085,77120,82915050,202403171022
61635,77120,82915050,202403171532
162639,77120,82915050,202403172206
445077,77120,82915050,202403171036
11073,77120,82915050,202403181640
51322,53885,9543068,202403171121
44787,53885,9543068,202403170419
33188,53885,9543068,202403170626
139569,53885,9543068,202403170705
32803,53885,9543068,202403170808
65822,53885,9543068,202403170755
1019388,53885,9543068,202403171042
164495,53885,9543068,202403170724
90049,53885,9543068,202403170956
631433,53885,9543068,202403170747
525039,53885,9543068,202403170354
38952,53885,9543068,202403171237
89667,53885,9543068,202403180854
100744,53885,9543068,202403170522
403928,53885,9543068,202403171056
1699031,53885,9543068,202403181909
344542,53885,9543068,202403171220
164230,53885,9543068,202403170710
460486,53885,9543068,202403170728
163555,53885,9543068,202403170747
434388,53885,9543068,202403170520
90046,53885,9543068,202403170718
769041,53885,9543068,202403171427
46670,53885,9543068,202403171735
32657,53885,9543068,202403170444
347289,53885,9543068,202403170337
13073,53885,9543068,202403171740
229371,53885,9543068,202403170337
1380866,53885,9543068,202403170740
44810,53885,9543068,202403180002
299330,53885,9543068,202403171159
522271,53885,9543068,202403170600
299336,53885,9543068,202403170400
64514,53885,9543068,202403170341
139683,53885,9543068,202403180033
318939,53885,9543068,202403171254
21585,53885,9543068,202403171038
417526,53885,9543068,202403170404
444118,53885,9543068,202403170326
164540,53885,9543068,202403170734
853147,53885,9543068,202403171056
638869,53885,9543068,202403171151
3672239,53885,9543068,202403170952
1219440,53885,9543068,202403170402
77226,53885,9543068,202403170651
164120,53885,9543068,202403170737
207349,53885,9543068,202403211026
32836,53885,9543068,202403170802
389791,61644,78797250,202403170130
46781,61644,78797250,202403170056
682862,61644,78797250,202403170813
46670,61644,78797250,202403171738
77147,61644,78797250,202403170157
853707,61644,78797250,202403170623
299336,61644,78797250,202403170341
64514,61644,78797250,202403170224
193194,61644,78797250,202403170057
2538115,61644,78797250,202403171235
631433,251805,23296045,202403170031
286728,251805,23296045,202403170642
71954,251805,23296045,202403170024
1078156,251805,23296045,202403162112
9387,251805,23296045,202403180854
594769,251805,23296045,202403162138
19039,251805,23296045,202403171842
1035221,31513,125464258,202403170117
1059140,31513,125464258,202403161839
66026,31513,125464258,202403161836
693515,31513,125464258,202403161735
218096,31513,125464258,202403170518
77104,31513,125464258,202403170502
51319,31513,125464258,202403161727
560953,31513,125464258,202403171947
239106,31513,125464258,202403170429
66850,31513,125464258,202403161745
76935,31513,125464258,202403162101
120274,31513,125464258,202403161806
192382,31513,125464258,202403180032
31418,31513,125464258,202403161902
269118,31513,125464258,202403172005
77118,31513,125464258,202403170409
77133,31513,125464258,202403172345
563817,31513,125464258,202403161738
61644,31513,125464258,202403172335
717473,31513,125464258,202403180026
65272,31513,125464258,202403171214
66069,31513,125464258,202403162157
322788,582545,50483704,202403170110
387186,582545,50483704,202403161722
235086,582545,50483704,202403170019
1293547,582545,50483704,202403170316
402543,582545,50483704,202403181447
28261,582545,50483704,202403161853
553152,582545,50483704,202403161914
21585,582545,50483704,202403171431
89,582545,50483704,202403161807
65333,582545,50483704,202403162024
638869,582545,50483704,202403171153
40031,77120,6645615,202403161715
1797469,77120,6645615,202403181826
65875,77120,6645615,202403161828
290942,77120,6645615,202403162021
46773,77120,6645615,202403161733
631433,77120,6645615,202403170032
224458,77120,6645615,202403161914
18161,77120,6645615,202403161739
87429,77120,6645615,202403161735
504795,77120,6645615,202403171751
77149,77120,6645615,202403161950
34038,77120,6645615,202403170925
89927,77120,6645615,202403161716
40853,77120,6645615,202403161951
32456,77120,6645615,202403171746
968450,77120,6645615,202403161953
272983,77120,6645615,202403161719
250124,77120,6645615,202403161725
1182304,77120,6645615,202403170324
326526,77120,6645615,202403161958
77007,77120,6645615,202403170409
65931,77120,6645615,202403170330
147863,77120,6645615,202403171137
616279,77120,6645615,202403171248
85085,77120,6645615,202403162159
66493,77120,6645615,202403161916
130324,77120,6645615,202403172321
360022,77120,6645615,202403170446
89049,77120,6645615,202403172243
66069,77120,6645615,202403161713
30389,71,153003684,202403170226
438575,71,153003684,202403161910
397795,71,153003684,202403171026
527068,71,153003684,202403161703
343162,71,153003684,202403161706
277618,71,153003684,202403161829
571775,71,153003684,202403161839
715982,71,153003684,202403162206
30839,71,153003684,202403161833
30035,71,153003684,202403161710
65565,71,153003684,202403171108
31418,71,153003684,202403171008
34427,71,153003684,202403212238
296134,71,153003684,202403162137
130990,71,153003684,202403181809
21585,71,153003684,202403171058
65931,71,153003684,202403170330
30955,71,153003684,202403171058
200166,6409,176742234,202403171228
21585,6409,176742234,202403161624
1485361,424024,17797720,202403162342
131166,424024,17797720,202403170546
50694,424024,17797720,202403161851
631433,424024,17797720,202403170756
1386449,424024,17797720,202403161457
31418,424024,17797720,202403161902
44810,424024,17797720,202403170031
30955,424024,17797720,202403161644
162021,582545,152582230,202403161348
326766,582545,152582230,202403161446
631433,582545,152582230,202403170035
87964,582545,152582230,202403170101
280791,582545,152582230,202403232112
246699,582545,152582230,202403161322
217071,582545,152582230,202403162338
77149,582545,152582230,202403161538
342047,582545,152582230,202403161503
2374826,582545,152582230,202403161447
14888,582545,152582230,202403161504
66308,582545,152582230,202403161340
10995,582545,152582230,202404121743
250124,582545,152582230,202403161745
21585,582545,152582230,202403161320
616279,582545,152582230,202403161752
34264,582545,152582230,202403161348
467,582545,25841595,202403161313
1797469,582545,25841595,202403181827
181607,582545,25841595,202403161401
162021,582545,25841595,202403161348
397544,582545,25841595,202403161438
900593,582545,25841595,202403161453
235086,582545,25841595,202403170022
91109,582545,25841595,202403161332
51303,582545,25841595,202403170100
14888,582545,25841595,202403161506
49591,582545,25841595,202403161531
1316547,582545,25841595,202403161413
5253,582545,25841595,202403161501
446815,582545,25841595,202403162122
491504,582545,25841595,202403161449
21585,582545,25841595,202403161356
65916,582545,25841595,202403180142
638869,582545,25841595,202403171154
1830950,192295,1739425,202403161633
61644,192295,1739425,202403170055
139569,53895,11361818,202403160926
399915,53895,11361818,202403160916
1120854,53895,11361818,202403170331
6409,53895,11361818,202403160841
235086,53895,11361818,202403170022
624884,53895,11361818,202403161625
631433,53895,11361818,202403170035
1386449,53895,11361818,202403161457
1066075,53895,11361818,202403170338
77237,53895,11361818,202403161028
257806,53895,11361818,202403161408
35868,53895,11361818,202403161302
42091,53895,11361818,202403160852
14888,53895,11361818,202403161512
33241,53895,11361818,202403161033
1316547,53895,11361818,202403161423
107979,53895,11361818,202403160836
732433,53895,11361818,202403171252
251980,53895,11361818,202403161213
31460,53895,11361818,202403171135
451747,53895,11361818,202403200719
65958,53895,11361818,202403161351
256429,53895,11361818,202403161650
161099,53895,11361818,202403160956
14575,53895,11361818,202403161818
65942,53895,11361818,202403160907
1584755,53895,11361818,202403171451
493460,53895,11361818,202403171130
64609,53895,11361818,202403161328
65931,53895,11361818,202403180048
51061,53895,11361818,202403160849
871141,53895,11361818,202403161551
507737,53895,11361818,202403161825
53885,53895,11361818,202403161633
100544,53895,11361818,202403161216
61644,53895,11361818,202403170055
795973,53895,11361818,202403160910
4069,53895,11361818,202403171129
631433,434359,42977,202403170756
301830,434359,42977,202403161458
31418,434359,42977,202403161902
44810,434359,42977,202403170031
77388,434359,42977,202403161403
770429,434359,42977,202403170502
51061,434359,42977,202403160848
468630,434359,42977,202403161405
89128,434359,42977,202403180217
542742,40010,128031635,202403160324
631433,40010,128031635,202403170756
89667,40010,128031635,202403160323
692663,40010,128031635,202403161056
44810,40010,128031635,202403170031
542742,530897,31178721,202403160325
77149,530897,31178721,202403161538
226621,582545,6645627,202403160254
467,582545,6645627,202403161621
1797469,582545,6645627,202403160335
34243,582545,6645627,202403161220
42413,582545,6645627,202403161252
77149,582545,6645627,202403161539
77114,582545,6645627,202403161558
46794,582545,6645627,202403160104
1182308,582545,6645627,202403161545
76927,582545,6645627,202403161542
66409,582545,6645627,202403161225
397568,582545,169653143,202403152238
1797469,582545,169653143,202403160335
185975,582545,169653143,202403160255
631433,582545,169653143,202403170757
10772,582545,169653143,202403180049
14888,582545,169653143,202403160058
32477,582545,169653143,202403152319
65924,582545,169653143,202403152247
288041,582545,169653143,202403160119
81413,560953,36621791,202403160936
900593,560953,36621791,202403152338
66336,560953,36621791,202403160944
631433,560953,36621791,202403170757
666372,560953,36621791,202403161746
505325,560953,36621791,202403160313
51091,560953,36621791,202403160302
342047,560953,36621791,202403161504
51303,560953,36621791,202403152343
449589,560953,36621791,202403152235
14888,560953,36621791,202403160100
769041,560953,36621791,202403161230
263845,560953,36621791,202403160134
33552,560953,36621791,202403160258
31418,560953,36621791,202403161903
491504,560953,36621791,202403160954
636827,560953,36621791,202403161153
21585,560953,36621791,202403160932
721164,560953,36621791,202403160310
397560,560953,36621791,202403161342
67459,560953,36621791,202403160239
150572,560953,36621791,202403170841
629723,560953,36621791,202403310956
33052,36935,23657274,202403161623
50694,36935,23657274,202403161902
167327,36935,23657274,202403161611
65745,36935,23657274,202403152143
27981,36935,23657274,202403152146
343095,36935,23657274,202403162248
71678,36935,23657274,202403161341
1035140,36935,23657274,202403161853
15123,36935,23657274,202403152205
30284,36935,23657274,202403161548
31418,36935,23657274,202403161538
46093,36935,23657274,202403152149
21585,36935,23657274,202403161531
65931,36935,23657274,202403170331
67459,36935,23657274,202403160240
33319,36935,23657274,202403170432
66522,36935,23657274,202403152200
100338,270569,169653177,202403160038
621017,270569,169653177,202403160008
28991,270569,169653177,202403151913
4110361,270569,169653177,202403152101
220603,270569,169653177,202403161205
615171,270569,169653177,202403161120
46670,270569,169653177,202403152320
708639,270569,169653177,202403160244
44810,270569,169653177,202403160110
46784,270569,169653177,202403152053
95722,270569,169653177,202403162302
93682,270569,169653177,202403152115
21585,270569,169653177,202403160942
32820,270569,169653177,202403161313
65924,270569,169653177,202403152037
139280,71,813386,202403151703
181336,71,813386,202403151731
71962,71,813386,202403151750
100004,71,813386,202403151907
1333764,71,813386,202403151811
375143,71,813386,202403151707
447176,71,813386,202403151705
345468,71,813386,202403160042
702572,71,813386,202403151701
30839,71,813386,202403152335
148802,71,813386,202403151707
77149,71,813386,202403161540
275804,71,813386,202403151719
77120,71,813386,202403151759
14888,71,813386,202403152032
100655,71,813386,202403291801
42606,71,813386,202403151857
804842,71,813386,202403151728
347289,71,813386,202403152014
683268,71,813386,202403151729
347343,71,813386,202403151701
805193,71,813386,202403152043
130990,71,813386,202403181809
13576,71,813386,202403152151
833991,71,813386,202403151706
65931,71,813386,202403170331
394302,71,813386,202403151701
597263,71,813386,202403151708
2466459,71,813386,202403151726
101150,71,813386,202403151706
717473,71,813386,202403151714
430435,42564,6645629,202403151639
1612965,42564,6645629,202403151717
33052,42564,6645629,202403152149
131166,42564,6645629,202403151737
2454,42564,6645629,202403151715
276295,42564,6645629,202403151633
498707,42564,6645629,202403151919
340564,42564,6645629,202403151630
11012,42564,6645629,202403152025
32785,42564,6645629,202403151936
2623402,42564,6645629,202403151627
1038635,42564,6645629,202403151649
1035552,42564,6645629,202403152045
1657883,42564,6645629,202403151653
2072317,42564,6645629,202403152244
65222,42564,6645629,202403151631
1035347,42564,6645629,202403151640
66553,42564,6645629,202403151948
1613316,42564,6645629,202403152157
2093289,42564,6645629,202403152236
549972,42564,6645629,202403151626
98818,42564,6645629,202403160647
387186,42564,6645629,202403152020
132224,42564,6645629,202403151641
161506,42564,6645629,202403151643
713000,42564,6645629,202403151950
2875522,42564,6645629,202403160146
61688,42564,6645629,202403202008
1035655,42564,6645629,202403151916
877746,42564,6645629,202403151640
32586,42564,6645629,202403152020
220248,42564,6645629,202403151834
781482,42564,6645629,202403152024
46644,42564,6645629,202403151636
804421,42564,6645629,202403152323
37785,42564,6645629,202403151639
853094,42564,6645629,202403152208
215906,42564,6645629,202403151650
30260,42564,6645629,202403160051
1341765,42564,6645629,202403151628
241062,42564,6645629,202403151626
34378,42564,6645629,202403152100
530785,42564,6645629,202403151633
1515142,42564,6645629,202403152025
524272,42564,6645629,202403152353
229864,42564,6645629,202403151924
1299070,42564,6645629,202403151640
925,42564,6645629,202403151747
66428,42564,6645629,202403151653
66743,42564,6645629,202403151645
5331,42564,6645629,202403152021
174981,42564,6645629,202403151718
71678,42564,6645629,202403151633
1186209,42564,6645629,202403151923
4110361,42564,6645629,202403152102
1663174,42564,6645629,202403152304
417109,42564,6645629,202403152028
66165,42564,6645629,202403152027
1046148,42564,6645629,202403151644
79123,42564,6645629,202403151628
168995,42564,6645629,202403151631
505959,42564,6645629,202403151628
33217,42564,6645629,202403151628
2987504,42564,6645629,202403152030
394395,42564,6645629,202403172335
1038336,42564,6645629,202403151932
1038105,42564,6645629,202403152015
66293,42564,6645629,202403152012
1922843,42564,6645629,202403151641
30674,42564,6645629,202403171323
136867,42564,6645629,202403151647
781346,42564,6645629,202403152042
153361,42564,6645629,202403151922
426276,42564,6645629,202403152039
558520,42564,6645629,202403152123
77149,42564,6645629,202403161536
139698,42564,6645629,202403151725
257806,42564,6645629,202403151922
343921,42564,6645629,202403151646
711268,42564,6645629,202403160205
507723,42564,6645629,202403171456
347016,42564,6645629,202403151942
15006,42564,6645629,202403151628
275804,42564,6645629,202403151726
33108,42564,6645629,202403151714
2095312,42564,6645629,202403151813
153852,42564,6645629,202403152313
119694,42564,6645629,202403152119
451065,42564,6645629,202403152026
1541928,42564,6645629,202403161911
224878,42564,6645629,202403151634
421213,42564,6645629,202403151704
2057407,42564,6645629,202403151830
796220,42564,6645629,202403151724
501459,42564,6645629,202403151715
195313,42564,6645629,202403151629
2073129,42564,6645629,202403152103
65563,42564,6645629,202403151631
726613,42564,6645629,202403160003
3762780,42564,6645629,202403151741
474020,42564,6645629,202403152119
683268,42564,6645629,202403151638
3055245,42564,6645629,202403211458
743195,42564,6645629,202403151714
163477,42564,6645629,202403151640
343181,42564,6645629,202403151630
3036467,42564,6645629,202403151701
231848,42564,6645629,202403151651
59262,42564,6645629,202403152020
474190,42564,6645629,202403152359
306730,42564,6645629,202403151729
1035922,42564,6645629,202403151658
386515,42564,6645629,202403152207
361176,42564,6645629,202403151950
52139,42564,6645629,202403151646
225114,42564,6645629,202403151644
203680,42564,6645629,202403152021
925661,42564,6645629,202403151908
589817,42564,6645629,202403152043
531160,42564,6645629,202403151708
34683,42564,6645629,202403151646
168943,42564,6645629,202403151626
644536,42564,6645629,202403151637
46636,42564,6645629,202403152024
199634,42564,6645629,202403151638
262217,42564,6645629,202403152050
2085879,42564,6645629,202403152250
91431,42564,6645629,202403151739
2110769,42564,6645629,202403152114
95722,42564,6645629,202403162303
66284,42564,6645629,202403151930
152788,42564,6645629,202403151956
1061756,42564,6645629,202403151627
415670,42564,6645629,202403151755
372089,42564,6645629,202403151631
1254262,42564,6645629,202403160005
520216,42564,6645629,202403151714
66574,42564,6645629,202403160254
162113,42564,6645629,202403151629
65936,42564,6645629,202403152339
1035358,42564,6645629,202403152126
894384,42564,6645629,202403152043
243956,42564,6645629,202403151638
65386,42564,6645629,202403151945
88314,42564,6645629,202403151639
65932,42564,6645629,202403151633
1145804,42564,6645629,202403151718
65931,42564,6645629,202403170331
656477,42564,6645629,202403160210
501772,42564,6645629,202403151745
304554,42564,6645629,202403152031
432191,42564,6645629,202403151652
448881,42564,6645629,202403151630
68776,42564,6645629,202403151635
21077,42564,6645629,202403151630
71849,42564,6645629,202403152022
2006814,42564,6645629,202403152243
1378148,42564,6645629,202403152216
33171,42564,6645629,202403152021
1755735,42564,6645629,202403152325
2340768,42564,6645629,202403151644
100203,42564,6645629,202403152349
853147,42564,6645629,202403161322
148857,42564,6645629,202403151716
59532,42564,6645629,202403152212
61644,42564,6645629,202403151947
616279,42564,6645629,202403152123
2310715,42564,6645629,202403152307
312576,42564,6645629,202403151628
66493,42564,6645629,202403152158
119722,42564,6645629,202403151626
269053,42564,6645629,202403152116
277473,42564,6645629,202403151730
2076266,42564,6645629,202403152314
645788,42564,6645629,202403151704
5750,42564,6645629,202403151744
815357,42564,6645629,202403152117
232557,42564,6645629,202403151847
296142,42564,6645629,202403152307
67093,42564,6645629,202403152048
67131,42564,6645629,202403151735
566829,42564,6645629,202403151949
614273,42564,6645629,202403151716
148016,42564,6645629,202403152034
1004981,42564,6645629,202403151634
289287,42564,6645629,202403152029
222000,139754,57716385,202403151659
31158,139754,57716385,202403151931
46471,139754,57716385,202403162324
717473,139754,57716385,202403151718
1797469,560953,115225881,202403160337
713000,560953,115225881,202403151950
631433,560953,115225881,202403170759
51303,560953,115225881,202403152333
66304,560953,115225881,202403151535
46794,560953,115225881,202403160107
304766,560953,115225881,202403151549
128226,638573,108746341,202403151431
645149,434359,1061673,202403151548
68900,434359,1061673,202403151858
99959,434359,1061673,202403152029
291986,434359,1061673,202403151400
67000,434359,1061673,202403151609
14888,434359,1061673,202403152036
53892,434359,1061673,202403151852
67459,434359,1061673,202403160405
30112,77148,2557653,202403151427
207458,77148,2557653,202403152316
589958,77148,2557653,202403151358
210709,77148,2557653,202403152154
378013,77148,2557653,202403152300
412235,77148,2557653,202403161742
510041,77148,2557653,202403151350
32456,77148,2557653,202403151356
560952,77148,2557653,202403151851
65931,77148,2557653,202403151358
247929,77148,2557653,202403161731
77000,77148,2557653,202403161252
938558,77148,2557653,202403151415
37737,77148,2557653,202403152344
311727,77148,2557653,202403152157
66069,77148,2557653,202403152345
296157,77148,2557653,202403161233
167418,77148,2557653,202403160041
188951,77120,6645624,202403151344
320549,77120,6645624,202403161643
507776,77120,6645624,202403161123
46772,77120,6645624,202403161543
288052,77120,6645624,202403160040
30895,77120,6645624,202403161543
77149,77120,6645624,202403161541
759798,77120,6645624,202403161052
188940,77120,6645624,202403151323
272983,77120,6645624,202403151320
250124,77120,6645624,202403151321
304766,77120,6645624,202403161558
65931,77120,6645624,202403151358
61635,77120,6645624,202403171531
507783,77120,6645624,202403151330
77040,77120,6645624,202403151325
71651,77120,6645624,202403151339
859778,77140,169653180,202403160044
509497,77140,169653180,202403151338
89667,77140,169653180,202403171219
40010,77140,169653180,202403160258
65653,77140,169653180,202403151521
1175004,77140,169653180,202403151402
505014,77140,169653180,202403152310
253301,77140,169653180,202403161329
93682,77140,169653180,202403152117
65924,77140,169653180,202403151548
77155,77140,169653180,202403151336
232535,139754,57716390,202403151315
442760,139754,57716390,202403151432
1035140,76963,51241873,202403161116
889469,76963,51241873,202403152011
170809,76963,51241873,202403151305
31418,76963,51241873,202403161045
510041,76963,51241873,202403151442
446815,76963,51241873,202403152059
66784,76963,51241873,202403152302
1037955,76963,51241873,202403151407
93682,76963,51241873,202403152117
290809,76963,51241873,202403151317
21585,76963,51241873,202403161043
65931,76963,51241873,202403151359
919664,76963,51241873,202403160908
31522,76963,51241873,202403151457
71651,76963,51241873,202403151352
148016,76963,51241873,202403151327
873470,582545,8109276,202403151417
545417,582545,8109276,202403151346
65924,582545,8109276,202403151549
1599318,582545,8109276,202403151306
77040,582545,8109276,202403151327
77155,582545,8109276,202403151303
131166,167588,64225454,202403151054
458390,167588,64225454,202403151139
715564,167588,64225454,202403161114
80139,167588,64225454,202403151323
275804,167588,64225454,202403161106
139607,167588,64225454,202403152153
491504,167588,64225454,202403161118
334698,167588,64225454,202403151145
34175,167588,64225454,202403151057
167628,167588,64225454,202403151021
616279,167588,64225454,202403152120
51322,167588,210371040,202403151122
698506,167588,210371040,202403151022
139770,167588,210371040,202403151046
4110361,167588,210371040,202403152104
4413789,167588,210371040,202404071151
1541685,167588,210371040,202403151017
690207,167588,210371040,202404071147
299287,167588,210371040,202403151416
128237,91419,23628988,202403151003
706512,91419,23628988,202403151557
69064,91419,23628988,202403150932
1038061,91419,23628988,202403161017
32876,91419,23628988,202403151143
436977,91419,23628988,202403151144
411483,91419,23628988,202403151836
446749,91419,23628988,202403161606
66432,91419,23628988,202403151053
713000,91419,23628988,202403151951
519923,91419,23628988,202403151016
139259,91419,23628988,202403151932
637114,91419,23628988,202403160936
139770,91419,23628988,202403151015
515828,91419,23628988,202403151734
42517,91419,23628988,202403151601
91423,91419,23628988,202403150951
167602,91419,23628988,202403150945
30728,91419,23628988,202403151700
3283601,91419,23628988,202403151411
64608,91419,23628988,202403150936
1029527,91419,23628988,202403151948
756480,91419,23628988,202403150952
414148,91419,23628988,202403151147
226031,91419,23628988,202403150940
754462,91419,23628988,202403151000
91421,91419,23628988,202403150958
383681,91419,23628988,202403150959
314885,91419,23628988,202403151752
51303,91419,23628988,202403152325
139117,91419,23628988,202403150943
147908,91419,23628988,202403151301
34038,91419,23628988,202403151229
232559,91419,23628988,202403151126
555969,91419,23628988,202403151604
6376,91419,23628988,202403151122
66359,91419,23628988,202403151013
153399,91419,23628988,202403151126
244032,91419,23628988,202403161617
220074,91419,23628988,202403151346
66555,91419,23628988,202403151122
51384,91419,23628988,202403151132
296155,91419,23628988,202403151258
128239,91419,23628988,202403151000
176734,91419,23628988,202403151059
40821,91419,23628988,202403150959
29898,91419,23628988,202403151336
65443,91419,23628988,202403181348
163091,91419,23628988,202403151013
212647,91419,23628988,202403151001
380824,91419,23628988,202403151105
468630,91419,23628988,202403150955
296127,91419,23628988,202403151716
54073,91419,23628988,202403151105
938558,91419,23628988,202403151159
139581,91419,23628988,202403150941
1395105,91419,23628988,202403151151
162639,91419,23628988,202403151020
445077,91419,23628988,202403150948
507776,6409,12129236,202403161123
224483,6409,12129236,202403150827
75634,6409,12129236,202403150821
238516,6409,12129236,202403151445
1293112,6409,12129236,202403151132
393107,6409,12129236,202403151031
217573,6409,12129236,202403150940
638547,6409,12129236,202403150908
2558946,61725,34100810,202403151149
691607,61725,34100810,202403150625
64124,61725,34100810,202403150514
1022870,61725,34100810,202403200458
449589,61725,34100810,202403150457
965862,61725,34100810,202403151155
32477,61725,34100810,202403150723
65228,61725,34100810,202403151329
422734,61725,34100810,202403151028
21585,61725,34100810,202403151038
65931,61725,34100810,202403151400
33319,61725,34100810,202403150502
468828,61725,34100810,202403151419
449589,251805,226860531,202403150448
14888,251805,226860531,202403150349
184474,251805,226860531,202403150757
89667,188938,78811053,202403180857
65635,188938,78811053,202403150120
250124,188938,78811053,202403151224
235069,77120,1467253,202403142327
20872,77120,1467253,202403142313
4039714,77120,1467253,202403161840
164796,77120,1467253,202403142225
368658,77120,1467253,202403150050
735268,77120,1467253,202403142338
8091,77120,1467253,202403142219
235086,77120,1467253,202403142333
543557,77120,1467253,202403142357
513947,77120,1467253,202403142254
185967,77120,1467253,202403150009
87429,77120,1467253,202403142328
372162,77120,1467253,202403150013
181473,77120,1467253,202403150019
30773,77120,1467253,202403142314
1246620,77120,1467253,202403150147
76962,77120,1467253,202403150012
30972,77120,1467253,202403150015
66421,77120,1467253,202403150007
1037965,77120,1467253,202403150010
195302,77120,1467253,202403150048
11024,77120,1467253,202403151010
77073,77120,1467253,202403142232
150393,77120,1467253,202403151254
702299,77120,1467253,202403150120
38980,77120,1467253,202403150008
66375,77120,1467253,202403150006
51384,77120,1467253,202403142340
560952,77120,1467253,202403142223
46794,77120,1467253,202403142329
32477,77120,1467253,202403150019
295769,77120,1467253,202403142220
185978,77120,1467253,202403142340
76927,77120,1467253,202403150013
34661,77120,1467253,202403142351
290809,77120,1467253,202403150012
1121927,77120,1467253,202403142353
268837,77120,1467253,202403142330
139396,77120,1467253,202403150049
65924,77120,1467253,202403152045
11001,77120,1467253,202403150040
65916,77120,1467253,202403150009
491881,77120,1467253,202403150110
226616,77120,1467253,202403142219
71651,77120,1467253,202403142332
223274,77120,1467253,202403150502
148016,77120,1467253,202403150210
167418,77120,1467253,202403150056
226621,32579,40967482,202403160256
34539,434359,25577412,202403142144
42429,434359,25577412,202403150300
65655,434359,25577412,202403142318
449589,434359,25577412,202403142311
863568,434359,25577412,202403142223
163038,434359,25577412,202403142215
51061,434359,25577412,202403150909
447435,434359,25577412,202403151222
51322,560953,115225882,202403142141
645149,560953,115225882,202403150330
702334,560953,115225882,202403142255
51303,560953,115225882,202403150040
449589,560953,115225882,202403150454
14888,560953,115225882,202403150355
560952,560953,115225882,202403142225
397568,582545,193609695,202403142152
423183,582545,193609695,202403142259
33188,582545,193609695,202403150407
645149,582545,193609695,202403150336
235086,582545,193609695,202403142334
501389,582545,193609695,202403142213
560952,582545,193609695,202403142231
562761,31513,14616107,202403142146
77104,31513,14616107,202403142132
666353,31513,14616107,202403142200
38980,31513,14616107,202403142135
560952,31513,14616107,202403142231
295769,31513,14616107,202403142222
65916,31513,14616107,202403142136
155815,507724,59153966,202403142125
138996,507724,59153966,202403172255
135251,507724,59153966,202403150840
965871,46794,66776939,202403202333
430519,46794,66776939,202403150158
61712,46794,66776939,202403142132
397560,46794,66776939,202403142323
1786488,46794,66776939,202403151253
547894,46794,66776939,202403142154
397544,230297,167697122,202403142053
77120,230297,167697122,202403142048
64695,77120,6645625,202403141955
188940,77120,6645625,202403151318
38980,77120,6645625,202403141951
46794,77120,6645625,202403142106
77007,77120,6645625,202403142013
100794,77120,6645625,202403151322
491881,77120,6645625,202403150111
42139,322788,65191326,202403141946
880029,322788,65191326,202403142042
781505,322788,65191326,202403142127
853094,322788,65191326,202403142347
449589,322788,65191326,202403142145
224090,322788,65191326,202403151114
510199,322788,65191326,202403142126
24715,322788,65191326,202403142218
21585,322788,65191326,202403151113
365670,322788,65191326,202403141957
52076,322788,65191326,202403141946
1751431,77155,8109281,202403141956
863568,77155,8109281,202403142232
148032,120410,49215048,202403142140
10852,120410,49215048,202403141846
57032,120410,49215048,202403141821
77120,77155,8109282,202403141805
491881,77155,8109282,202403150111
5750,77155,8109282,202403141804
33460,46764,121913201,202403150700
527444,46764,121913201,202403150908
81935,46764,121913201,202403141807
224458,46764,121913201,202403142150
560953,46764,121913201,202403141754
179621,46764,121913201,202403141812
531118,46764,121913201,202403141825
58861,46764,121913201,202403150638
51303,560953,4029312,202403150034
46764,560953,4029312,202403141753
1036500,560953,4029312,202403150135
712664,560953,4029312,202403142333
139280,71,153003686,202403141705
438575,71,153003686,202403150303
182576,71,153003686,202403141854
343162,71,153003686,202403141707
1089831,71,153003686,202403141705
277618,71,153003686,202403141734
531934,71,153003686,202403141709
288052,71,153003686,202403150033
119658,71,153003686,202403141703
51303,71,153003686,202403150033
94420,71,153003686,202403141857
192382,71,153003686,202403141704
402543,71,153003686,202403141844
181508,71,153003686,202403141718
1004975,71,153003686,202403141708
101150,71,153003686,202403141723
1058352,71,153003686,202403150159
372455,71,153003686,202403142001
77104,2382,115143438,202403141955
139361,77155,8109283,202403141756
1554819,238516,49929294,202403142310
33052,42564,11020486,202403141558
100587,42564,11020486,202403142010
527523,42564,11020486,202403141859
275666,42564,11020486,202403142002
30386,42564,11020486,202403141619
32785,42564,11020486,202403141603
2072317,42564,11020486,202403150307
163832,42564,11020486,202403141827
345474,42564,11020486,202403141601
645149,42564,11020486,202403141652
65222,42564,11020486,202403142002
383145,42564,11020486,202403141849
1631546,42564,11020486,202403150348
86126,42564,11020486,202403141631
101002,42564,11020486,202403141630
11025,42564,11020486,202403141559
98818,42564,11020486,202403141724
3043820,42564,11020486,202403142103
513476,42564,11020486,202403141700
2466428,42564,11020486,202403150035
101753,42564,11020486,202403141627
853094,42564,11020486,202403142348
354128,42564,11020486,202403141557
148825,42564,11020486,202403141614
46443,42564,11020486,202403141558
162537,42564,11020486,202403142106
299209,42564,11020486,202403141556
66428,42564,11020486,202403141602
504749,42564,11020486,202403142232
167273,42564,11020486,202403141557
37693,42564,11020486,202403141938
1569454,42564,11020486,202403141904
66016,42564,11020486,202403142006
47777,42564,11020486,202403141704
65692,42564,11020486,202403142109
62364,42564,11020486,202403141611
61332,42564,11020486,202403141602
545850,42564,11020486,202403141756
1684642,42564,11020486,202403141725
536088,42564,11020486,202403141602
370186,42564,11020486,202403142218
1038105,42564,11020486,202403141602
66293,42564,11020486,202403142308
65998,42564,11020486,202403141950
781346,42564,11020486,202403141850
80139,42564,11020486,202403141640
434787,42564,11020486,202403141830
507723,42564,11020486,202403141609
192283,42564,11020486,202403141754
77120,42564,11020486,202403141802
182888,42564,11020486,202403141557
449589,42564,11020486,202403150458
378388,42564,11020486,202403142116
3019738,42564,11020486,202403141825
1541928,42564,11020486,202403141558
421213,42564,11020486,202403141647
447949,42564,11020486,202403141611
796220,42564,11020486,202403141558
1037538,42564,11020486,202403141947
138090,42564,11020486,202403141810
674123,42564,11020486,202403141602
412235,42564,11020486,202403141803
34611,42564,11020486,202403141603
382460,42564,11020486,202403141624
65973,42564,11020486,202403141941
683268,42564,11020486,202403141721
33552,42564,11020486,202403141604
3055245,42564,11020486,202403211458
3019992,42564,11020486,202403141654
163477,42564,11020486,202403141635
84505,42564,11020486,202403141559
402543,42564,11020486,202403141757
739966,42564,11020486,202403151058
280526,42564,11020486,202403151315
31460,42564,11020486,202403141558
975753,42564,11020486,202403141708
1035922,42564,11020486,202403141818
925661,42564,11020486,202403141608
100157,42564,11020486,202403141556
668410,42564,11020486,202403141616
46636,42564,11020486,202403141752
66357,42564,11020486,202403141602
146410,42564,11020486,202403142006
405305,42564,11020486,202403141631
2085879,42564,11020486,202403142325
334698,42564,11020486,202403141612
202048,42564,11020486,202403141902
1035755,42564,11020486,202403141811
505563,42564,11020486,202403142003
796257,42564,11020486,202403141559
54495,42564,11020486,202403141652
1254262,42564,11020486,202403142354
217480,42564,11020486,202403141804
65936,42564,11020486,202403142207
55448,42564,11020486,202403141559
865851,42564,11020486,202403150003
128403,42564,11020486,202403141809
88314,42564,11020486,202403141809
2080600,42564,11020486,202403141638
65931,42564,11020486,202403141609
1141256,42564,11020486,202403141617
501772,42564,11020486,202403141644
151884,42564,11020486,202403150232
65372,42564,11020486,202403141755
71721,42564,11020486,202403141711
432191,42564,11020486,202403141558
34678,42564,11020486,202403141556
863570,42564,11020486,202403141652
1657889,42564,11020486,202403141917
66085,42564,11020486,202403142355
1038664,42564,11020486,202403141559
33171,42564,11020486,202403141614
1755735,42564,11020486,202403141614
143283,42564,11020486,202403141800
507828,42564,11020486,202403141624
949490,42564,11020486,202403142211
498093,42564,11020486,202403141558
59532,42564,11020486,202403141854
461534,42564,11020486,202403141754
33655,42564,11020486,202403141811
1038068,42564,11020486,202403141607
1300863,42564,11020486,202403141559
735956,42564,11020486,202403141556
312576,42564,11020486,202403141559
132996,42564,11020486,202403141816
66493,42564,11020486,202403141830
1912358,42564,11020486,202403142013
23797,42564,11020486,202403141609
2076266,42564,11020486,202403150320
5750,42564,11020486,202403141803
65263,42564,11020486,202403141557
259914,42564,11020486,202403141611
185923,42564,11020486,202403141756
386531,42564,11020486,202403141753
199515,42564,11020486,202403141756
189479,42564,11020486,202403141808
2090099,42564,11020486,202403141655
1012176,42564,11020486,202403141559
272212,42564,11020486,202403141559
139569,139626,51590448,202403141638
101002,139626,51590448,202403141630
387186,139626,51590448,202403141556
277477,139626,51590448,202403141907
77196,139626,51590448,202403151334
276188,139626,51590448,202403141651
91378,139626,51590448,202403141734
232560,139626,51590448,202403150751
638547,139626,51590448,202403141645
89030,139626,51590448,202403141656
621387,139626,51590448,202403141556
141460,139626,51590448,202403141643
864274,560953,115225883,202404051542
51303,560953,115225883,202403150024
449589,560953,115225883,202403150456
402543,560953,115225883,202403141845
66654,560953,115225883,202403141539
397544,93682,87681889,202403141532
39802,93682,87681889,202403141627
331733,93682,87681889,202403142140
66329,93682,87681889,202403141811
194524,93682,87681889,202403141602
122997,93682,87681889,202403142118
5747,93682,87681889,202403141640
1600013,93682,87681889,202403150509
306878,93682,87681889,202403150816
1751548,93682,87681889,202403141941
361858,93682,87681889,202403172125
402543,93682,87681889,202404170954
55544,93682,87681889,202403141614
5122,93682,87681889,202403171511
256429,93682,87681889,202403141623
1344783,93682,87681889,202403141541
19547,93682,87681889,202404200152
14791,93682,87681889,202403262311
516024,93682,87681889,202403141522
31513,93682,87681889,202403141524
128263,93682,87681889,202403161318
34264,93682,87681889,202403141551
16577,93682,87681889,202403141624
89046,93682,87681889,202403150919
31356,93682,87681889,202403141647
509497,77155,8109292,202403142110
481152,77155,8109292,202403141536
250124,77155,8109292,202403141448
337841,77155,8109292,202403141453
650757,77155,8109292,202403141511
5750,77155,8109292,202403141714
560967,77155,8109292,202403141455
139569,638573,42989,202403141832
298885,638573,42989,202403150028
447835,638573,42989,202403152329
588809,638573,42989,202403141856
823529,638573,42989,202403141834
152422,202472,108424755,202403191847
239106,202472,108424755,202403141421
14888,202472,108424755,202403141445
34038,202472,108424755,202403141323
337841,202472,108424755,202403141422
410712,202472,108424755,202403141521
67459,202472,108424755,202403141357
717473,202472,108424755,202403141327
542742,337841,209012757,202403141450
1036592,337841,209012757,202403141329
93682,337841,209012757,202403141611
61644,337841,209012757,202403141210
77198,36935,66410351,202403141119
106255,36935,66410351,202403141444
6376,36935,66410351,202403142015
13073,36935,66410351,202403141441
15306,36935,66410351,202403141450
61644,36935,66410351,202403141210
128271,91419,12947798,202403140951
542742,91419,12947798,202403141457
507814,91419,12947798,202403141112
61675,91419,12947798,202403141408
66665,91419,12947798,202403141018
504795,91419,12947798,202403141101
128283,91419,12947798,202403140956
66755,91419,12947798,202403141110
51303,91419,12947798,202403150019
1386495,91419,12947798,202403141455
61644,91419,12947798,202403141211
81413,128271,4475694,202403252232
128271,128271,4475694,202403141154
188947,128271,4475694,202403141159
515956,128271,4475694,202403141232
424024,128271,4475694,202403140911
81412,128271,4475694,202403141038
504795,128271,4475694,202403141101
66755,128271,4475694,202404020742
77120,128271,4475694,202403211947
459089,128271,4475694,202403252230
1386495,128271,4475694,202403141456
501410,128271,4475694,202403150019
17860,128271,4475694,202403140825
296155,128271,4475694,202403141103
128239,128271,4475694,202403140806
515930,128271,4475694,202403261129
428650,128271,4475694,202403140907
19896,128271,4475694,202403140806
61644,128271,4475694,202403141212
491881,128271,4475694,202403141406
1219440,128271,4475694,202403141215
374470,128271,4475694,202403252323
162639,128271,4475694,202403211934
296142,128271,4475694,202403141326
235086,139683,134115979,202403142337
89880,139683,134115979,202403141758
1957809,139683,134115979,202403141205
30839,139683,134115979,202403140258
207421,139683,134115979,202403151408
460183,560957,101552355,202403141846
977980,560957,101552355,202403140245
4138,560957,101552355,202403140235
83819,560957,101552355,202403140257
853094,515973,124465670,202403132353
296135,515973,124465670,202403152017
66665,515973,124465672,202403141019
163038,515973,124465672,202403140001
31513,515973,124465672,202403140004
85059,515973,124465672,202403140020
467,227653,20596936,202403132328
852231,227653,20596936,202403142331
698645,227653,20596936,202403140314
20872,227653,20596936,202403140133
51322,227653,20596936,202403132335
645149,227653,20596936,202403140330
235086,227653,20596936,202403142338
2086982,227653,20596936,202403140732
100004,227653,20596936,202403140254
2097629,227653,20596936,202403140153
449589,227653,20596936,202403140732
102939,227653,20596936,202403132335
619538,227653,20596936,202403140308
139774,227653,20596936,202403141055
99509,227653,20596936,202403140142
93682,227653,20596936,202403141612
1103044,227653,20596936,202403140807
100744,322788,178358733,202403132322
560953,322788,178358733,202403140033
224090,322788,178358733,202403151125
93970,322788,178358733,202403140810
616279,322788,178358733,202403140030
20872,32803,98926622,202403140657
1043169,32803,98926622,202403141222
100004,32803,98926622,202403140254
38952,32803,98926622,202403141440
66665,32803,98926622,202403141021
702310,32803,98926622,202403141222
1386085,32803,98926622,202403141443
21585,32803,98926622,202403141220
32244,32803,98926622,202403141339
100004,560953,115225884,202403140255
51303,560953,115225884,202403141007
139569,434359,25577413,202403132029
46766,434359,25577413,202403132116
3317072,434359,25577413,202403132250
89880,434359,25577413,202403132351
515956,434359,25577413,202403150110
28991,434359,25577413,202403132210
42429,434359,25577413,202403132058
291986,434359,25577413,202403132050
139277,434359,25577413,202403132231
77132,434359,25577413,202403132036
53879,434359,25577413,202403132036
163038,434359,25577413,202403132031
53892,434359,25577413,202403132035
1411937,434359,25577413,202403132029
588809,434359,25577413,202403132038
61644,434359,25577413,202403132118
616279,434359,25577413,202403141439
85085,434359,25577413,202403132207
1372313,434359,25577413,202403132032
51322,42564,37035360,202403132336
11012,42564,37035360,202403132103
397551,42564,37035360,202403132012
1413804,42564,37035360,202403140254
235086,42564,37035360,202403142338
1171760,42564,37035360,202403132014
3024092,42564,37035360,202403140922
853112,42564,37035360,202403132010
66428,42564,37035360,202403132009
277618,42564,37035360,202403132102
66665,42564,37035360,202403141022
346070,42564,37035360,202403132014
648045,42564,37035360,202403132055
516133,42564,37035360,202403132037
33392,42564,37035360,202403140659
781346,42564,37035360,202403132012
510131,42564,37035360,202403132118
596838,42564,37035360,202403132152
139698,42564,37035360,202403132019
804351,42564,37035360,202403132041
1035016,42564,37035360,202403132145
1541928,42564,37035360,202403132201
804364,42564,37035360,202403140532
33640,42564,37035360,202403132012
163477,42564,37035360,202403140326
163069,42564,37035360,202403132110
343181,42564,37035360,202403132013
291527,42564,37035360,202403132011
44810,42564,37035360,202403132121
1077632,42564,37035360,202403132032
397587,42564,37035360,202403132018
383820,42564,37035360,202403132008
1641503,42564,37035360,202403132015
405305,42564,37035360,202403132024
2085879,42564,37035360,202403140018
41434,42564,37035360,202403132013
1470997,42564,37035360,202403141520
624623,42564,37035360,202403132011
65936,42564,37035360,202403132116
262214,42564,37035360,202403132010
88314,42564,37035360,202403132010
1035050,42564,37035360,202403132043
66085,42564,37035360,202403141350
1038664,42564,37035360,202403132013
1686525,42564,37035360,202403132307
498093,42564,37035360,202403132019
61644,42564,37035360,202403132118
1274823,42564,37035360,202403132037
259914,42564,37035360,202403132015
491289,42564,37035360,202403132018
34550,42564,37035360,202403141043
2274228,42564,37035360,202403132102
757679,42564,37035360,202403141101
139691,77155,8109293,202403131937
393078,77155,8109293,202403192245
61644,77155,8109293,202403132118
91406,515973,45545081,202403140544
147887,91419,113868317,202403150114
51384,91419,113868317,202403150935
765489,91419,113868317,202403131805
560132,91419,113868317,202403150122
91422,91419,113868317,202403132123
66421,34243,101892067,202403131929
5265,34243,101892067,202403131804
65916,34243,101892067,202403131952
226621,167588,138959820,202403140433
139770,167588,138959820,202403131748
1274274,77155,8109294,202403132107
507831,77155,8109294,202403132131
251805,77155,8109294,202403131733
378388,77155,8109294,202403131848
627465,77155,8109294,202403131819
77007,77155,8109294,202403131738
641237,77155,8109294,202403132119
880089,77155,8109294,202403132031
77159,77040,42983,202403131742
91419,77040,42983,202403131737
46766,77040,42983,202403131833
504797,77040,42983,202403131747
42606,77040,42983,202403131827
47456,77040,42983,202403131841
51384,77040,42983,202403151828
207448,77040,42983,202403132318
515233,77040,42983,202403151554
77007,77040,42983,202403131738
61644,77040,42983,202403131737
2231335,77040,42983,202403131806
77155,77040,42983,202403151552
50694,270569,140724429,202403131721
32382,270569,140724429,202403131743
34191,270569,140724429,202403131721
31863,270569,140724429,202403131721
4410623,270569,140724429,202403131719
87964,270569,140724429,202403132319
378388,270569,140724429,202403131907
66744,270569,140724429,202403131715
46794,270569,140724429,202403131726
311196,270569,140724429,202403131715
531115,270569,140724429,202403131720
71651,270569,140724429,202403131718
217516,71,149086184,202403131704
30839,71,149086184,202403131828
32188,71,149086184,202403131708
130990,71,149086184,202403181810
30250,71,149086184,202403131743
141460,71,149086184,202403140936
22694,12518,5182302,202403131800
440982,12518,5182302,202403141317
1035233,12518,5182302,202403140137
1123563,12518,5182302,202403131949
34085,12518,5182302,202403132126
101063,12518,5182302,202403131732
1036671,12518,5182302,202403131803
16784,12518,5182302,202403131721
703968,12518,5182302,202403140123
68626,12518,5182302,202403131711
2036755,12518,5182302,202403132208
338256,12518,5182302,202403131657
1453385,12518,5182302,202403132221
369742,12518,5182302,202403132153
407683,12518,5182302,202403131701
710426,12518,5182302,202403131719
99615,12518,5182302,202403132056
334971,12518,5182302,202403131710
543224,12518,5182302,202403132051
9288,12518,5182302,202403132145
633513,12518,5182302,202403151210
50694,12518,5182302,202403131753
286249,12518,5182302,202403131715
510895,12518,5182302,202403131728
32671,12518,5182302,202403131722
2076531,12518,5182302,202403131847
844905,12518,5182302,202403132114
421933,12518,5182302,202403131723
414760,12518,5182302,202403131715
42655,12518,5182302,202403132105
889982,12518,5182302,202403131807
607519,12518,5182302,202403131740
66432,12518,5182302,202403131749
68833,12518,5182302,202403131718
34305,12518,5182302,202403132220
658646,12518,5182302,202403131856
128177,12518,5182302,202403131725
4410793,12518,5182302,202403131917
1966381,12518,5182302,202403132111
1038798,12518,5182302,202403131838
36073,12518,5182302,202403131842
854096,12518,5182302,202403131901
366259,12518,5182302,202403132157
34191,12518,5182302,202403131658
215906,12518,5182302,202403131829
1039384,12518,5182302,202403131721
1491204,12518,5182302,202403131849
455481,12518,5182302,202403132029
32349,12518,5182302,202403131726
385560,12518,5182302,202403131810
640849,12518,5182302,202403131843
1038213,12518,5182302,202403131845
2668505,12518,5182302,202403140731
510135,12518,5182302,202403131733
472128,12518,5182302,202403141114
31872,12518,5182302,202403131731
1037377,12518,5182302,202403150517
153456,12518,5182302,202403131717
1263845,12518,5182302,202403131752
45747,12518,5182302,202403140304
559420,12518,5182302,202403131835
423209,12518,5182302,202403131745
9643,12518,5182302,202403131801
474886,12518,5182302,202403250640
515124,12518,5182302,202403140249
65711,12518,5182302,202403132227
37691,12518,5182302,202403131716
693297,12518,5182302,202403131746
32084,12518,5182302,202403131728
274442,12518,5182302,202403131722
1436110,12518,5182302,202403140358
160591,12518,5182302,202403131819
679329,12518,5182302,202403131700
71741,12518,5182302,202403132047
153411,12518,5182302,202403131743
280738,12518,5182302,202403132219
1037906,12518,5182302,202403132125
37695,12518,5182302,202403131812
562802,12518,5182302,202403131838
152213,12518,5182302,202403131842
42413,12518,5182302,202403131829
1371342,12518,5182302,202403132140
668618,12518,5182302,202403131728
313261,12518,5182302,202403132053
1035603,12518,5182302,202403140141
360997,12518,5182302,202403131812
269913,12518,5182302,202403131659
592690,12518,5182302,202403131813
275583,12518,5182302,202403132053
1061994,12518,5182302,202403131727
2427716,12518,5182302,202403140435
288051,12518,5182302,202403132349
85723,12518,5182302,202403131718
456837,12518,5182302,202403131721
199049,12518,5182302,202403131726
30539,12518,5182302,202403131723
712835,12518,5182302,202403131721
85699,12518,5182302,202403131759
65656,12518,5182302,202403131747
191196,12518,5182302,202403131914
10891,12518,5182302,202403132043
30113,12518,5182302,202403132110
1563007,12518,5182302,202403131743
554704,12518,5182302,202403132052
66293,12518,5182302,202403131816
386580,12518,5182302,202403131741
804353,12518,5182302,202403131840
664804,12518,5182302,202403131753
37824,12518,5182302,202403131742
19230,12518,5182302,202403131739
537789,12518,5182302,202403131657
796455,12518,5182302,202403131725
530963,12518,5182302,202403131700
2692036,12518,5182302,202403132229
5440,12518,5182302,202403131718
41,12518,5182302,202403302026
726633,12518,5182302,202403131826
5342,12518,5182302,202403131718
962971,12518,5182302,202403132238
1723134,12518,5182302,202403132234
45,12518,5182302,202403131657
343122,12518,5182302,202403131722
99742,12518,5182302,202403131737
66312,12518,5182302,202403131720
275804,12518,5182302,202403131724
192283,12518,5182302,202403131721
405338,12518,5182302,202403132103
334298,12518,5182302,202403131830
347301,12518,5182302,202403132139
450240,12518,5182302,202403132031
311370,12518,5182302,202403131658
230235,12518,5182302,202403132150
1522678,12518,5182302,202403131758
125732,12518,5182302,202403131851
28168,12518,5182302,202403132050
32682,12518,5182302,202403132113
430434,12518,5182302,202403142251
64029,12518,5182302,202403131717
796220,12518,5182302,202403131700
1282145,12518,5182302,202403132055
270654,12518,5182302,202403131736
65981,12518,5182302,202403131705
163475,12518,5182302,202403132044
906102,12518,5182302,202403131858
947505,12518,5182302,202403132036
682258,12518,5182302,202403131747
292387,12518,5182302,202403131721
1976515,12518,5182302,202403132016
493625,12518,5182302,202403131812
853706,12518,5182302,202403131721
955895,12518,5182302,202403131928
13218,12518,5182302,202403131657
32188,12518,5182302,202403131711
154878,12518,5182302,202403131717
192951,12518,5182302,202403131819
65971,12518,5182302,202403131745
98453,12518,5182302,202403131659
260665,12518,5182302,202403131704
28431,12518,5182302,202403141500
1317517,12518,5182302,202403140137
715519,12518,5182302,202403131717
518162,12518,5182302,202403131818
952519,12518,5182302,202403132222
31418,12518,5182302,202403132156
256141,12518,5182302,202403131718
66297,12518,5182302,202403131901
55457,12518,5182302,202403131748
493647,12518,5182302,202403132046
2083738,12518,5182302,202403131803
1013258,12518,5182302,202403132107
346972,12518,5182302,202403142303
30124,12518,5182302,202403131710
1037091,12518,5182302,202403131714
32100,12518,5182302,202403131822
164366,12518,5182302,202403131703
288366,12518,5182302,202403131746
731544,12518,5182302,202403132245
30226,12518,5182302,202403131709
105027,12518,5182302,202403131713
530721,12518,5182302,202403131739
215956,12518,5182302,202403131810
1907542,12518,5182302,202403142149
346938,12518,5182302,202403131827
918779,12518,5182302,202403131756
571019,12518,5182302,202403131921
34205,12518,5182302,202403131658
59677,12518,5182302,202403131745
1213098,12518,5182302,202403132315
658025,12518,5182302,202403131751
171478,12518,5182302,202403131701
152927,12518,5182302,202403131721
1035600,12518,5182302,202403140249
1036157,12518,5182302,202403131748
117077,12518,5182302,202403140002
316737,12518,5182302,202403131717
491504,12518,5182302,202403131801
66284,12518,5182302,202403131820
1035755,12518,5182302,202403131748
64543,12518,5182302,202403131831
222454,12518,5182302,202403131746
395932,12518,5182302,202403131822
415850,12518,5182302,202403131911
1037456,12518,5182302,202403132216
296758,12518,5182302,202403131723
181689,12518,5182302,202403131740
1957783,12518,5182302,202403131827
3025524,12518,5182302,202403131843
1126636,12518,5182302,202403131709
314857,12518,5182302,202403132117
1038920,12518,5182302,202403232229
1034977,12518,5182302,202403131758
2159,12518,5182302,202403132053
236963,12518,5182302,202403132022
363892,12518,5182302,202403131814
18352,12518,5182302,202403131712
2080222,12518,5182302,202403132309
93250,12518,5182302,202403131828
1248366,12518,5182302,202403131748
923666,12518,5182302,202403131743
511845,12518,5182302,202403131855
537207,12518,5182302,202403132115
21077,12518,5182302,202403131659
65359,12518,5182302,202403131859
66678,12518,5182302,202403131700
900802,12518,5182302,202403140722
79152,12518,5182302,202403131738
33601,12518,5182302,202403131838
2758762,12518,5182302,202403131839
1866033,12518,5182302,202403131720
3924667,12518,5182302,202403170411
804436,12518,5182302,202403131812
65919,12518,5182302,202403131659
46095,12518,5182302,202403131826
397287,12518,5182302,202403132115
26935,12518,5182302,202403131918
1005036,12518,5182302,202403140209
37755,12518,5182302,202403131717
288101,12518,5182302,202403132001
42093,12518,5182302,202403131655
64632,12518,5182302,202403131703
31806,12518,5182302,202403131714
276194,12518,5182302,202403131815
70421,12518,5182302,202403131738
66493,12518,5182302,202403131809
335979,12518,5182302,202403132155
106305,12518,5182302,202403131914
204169,12518,5182302,202403131721
379325,12518,5182302,202403131741
242533,12518,5182302,202403131808
1035991,12518,5182302,202403131836
361095,12518,5182302,202403132111
570291,12518,5182302,202403131726
1179779,12518,5182302,202403152335
414769,12518,5182302,202403132154
369738,12518,5182302,202403131756
960692,12518,5182302,202403140542
1355660,12518,5182302,202403131718
1717527,12518,5182302,202403131807
232077,12518,5182302,202403131903
243752,12518,5182302,202403131754
637783,12518,5182302,202403131740
235097,12518,5182302,202403132158
32695,12518,5182302,202403131658
68775,12518,5182302,202403132051
84758,12518,5182302,202403132050
799842,12518,5182302,202403140124
1606031,12518,5182302,202403132108
1035719,12518,5182302,202403131702
1521941,12518,5182302,202403131746
744170,12518,5182302,202403132308
33474,12518,5182302,202403131719
852231,560953,45802026,202403142333
633513,560953,45802026,202403151220
413905,560953,45802026,202403131640
65770,560953,45802026,202403132342
1057050,560953,45802026,202403132311
51303,560953,45802026,202403132217
51401,560953,45802026,202403140401
34582,46784,66776952,202403131531
473866,46784,66776952,202403131538
504751,46784,66776952,202403132130
6696,46784,66776952,202403131531
210709,46784,66776952,202403131532
853707,46784,66776952,202403131537
64514,46784,66776952,202403131535
100794,46784,66776952,202403131532
235086,61725,55090525,202403142340
277477,61725,55090525,202403131739
1005184,61725,55090525,202403131518
142182,61725,55090525,202403131615
533699,61725,55090525,202403131633
61725,61725,55090525,202403140309
76963,61725,55090525,202403131643
66093,61725,55090525,202403131541
949578,61725,55090525,202403131653
46791,61725,55090525,202403131511
270655,34243,2540445,202403131443
33052,34243,2540445,202403131509
283393,34243,2540445,202403131448
162640,34243,2540445,202403131423
715670,34243,2540445,202403131508
237992,34243,2540445,202403131542
37675,34243,2540445,202403131438
4099910,34243,2540445,202403131438
594621,34243,2540445,202403131643
32349,34243,2540445,202403131455
43518,34243,2540445,202404231617
369789,34243,2540445,202403131509
1038208,34243,2540445,202403131847
1046148,34243,2540445,202403131449
1038528,34243,2540445,202403131538
481151,34243,2540445,202403131540
31158,34243,2540445,202403141101
898432,34243,2540445,202403131914
472117,34243,2540445,202403131537
1038648,34243,2540445,202403131731
530370,34243,2540445,202403131456
33314,34243,2540445,202403131452
44810,34243,2540445,202403131514
556795,34243,2540445,202403131454
783561,34243,2540445,202403131449
1038091,34243,2540445,202403131448
597805,34243,2540445,202403131427
162126,34243,2540445,202403131436
163038,34243,2540445,202403131515
440807,34243,2540445,202403131602
64626,34243,2540445,202403131437
37668,34243,2540445,202403140744
21085,34243,2540445,202403131529
596120,34243,2540445,202403131809
32809,34243,2540445,202403131425
712664,34243,2540445,202403131435
201449,34243,2540445,202403131439
889983,34243,2540445,202403131426
230297,397544,167697124,202403131416
207412,77118,152653529,202403131511
93277,77118,152653529,202403141024
277475,77118,152653529,202403131546
207435,77118,152653529,202403131435
207448,77118,152653529,202403131536
207455,77118,152653529,202403131326
270310,77119,12961077,202403131640
504751,77119,12961077,202403132131
91383,77119,12961077,202403131732
77152,77119,12961077,202403141047
91378,77119,12961077,202403131329
139649,77119,12961077,202403131258
42606,77119,12961077,202403131314
337841,77119,12961077,202403141211
139788,77119,12961077,202403140919
716714,77119,12961077,202403131311
8093,77119,12961077,202403132138
64609,77119,12961077,202403131542
1219565,77119,12961077,202403141200
359478,77119,12961077,202403131314
329305,77119,12961077,202403190038
99230,91402,12961075,202403131240
139855,91402,12961075,202403131440
77120,91402,12961075,202403131440
65958,91402,12961075,202403131610
77118,91402,12961075,202403132221
139834,91402,12961075,202403131846
139581,91402,12961075,202403132156
91418,91402,12961075,202403131731
61675,32579,40967490,202403131144
283393,500019,54479964,202403131312
714655,500019,54479964,202403131505
342071,500019,54479964,202403131355
430980,500019,54479964,202403131553
277477,500019,54479964,202403131730
37678,500019,54479964,202403131301
185290,500019,54479964,202403131351
290834,500019,54479964,202403131613
504255,500019,54479964,202403131309
285962,500019,54479964,202403131428
65711,500019,54479964,202403131436
562802,500019,54479964,202403131519
30411,500019,54479964,202403131440
207458,500019,54479964,202403150306
344542,500019,54479964,202403131301
277475,500019,54479964,202403131548
1036911,500019,54479964,202403131305
726633,500019,54479964,202403131304
372267,500019,54479964,202403131350
34038,500019,54479964,202403131324
46670,500019,54479964,202403131824
121097,500019,54479964,202403131453
142529,500019,54479964,202403131302
207435,500019,54479964,202403131408
79117,500019,54479964,202403131240
296750,500019,54479964,202403131331
94722,500019,54479964,202403131342
66304,500019,54479964,202403131458
19447,500019,54479964,202403131110
66506,500019,54479964,202403131343
304957,500019,54479964,202403131318
76963,500019,54479964,202403131220
64514,500019,54479964,202403131411
844046,500019,54479964,202403131325
935912,500019,54479964,202403131310
187890,500019,54479964,202403131305
551288,500019,54479964,202403131356
32244,500019,54479964,202403131259
32374,500019,54479964,202403131547
281493,500019,54479964,202403131622
152807,500019,54479964,202403131401
94542,500019,54479964,202403131309
6580,500019,54479964,202403131108
842800,500019,54479964,202403131331
30955,500019,54479964,202403131353
131166,424024,32310990,202403140433
853094,424024,32310990,202403131512
583450,6409,176742278,202403131100
467,77120,39918937,202403131016
164796,77120,39918937,202403131014
209103,77120,39918937,202403131030
438587,77120,39918937,202403131203
853094,77120,39918937,202403131513
504797,77120,39918937,202403131104
42429,77120,39918937,202403131501
66665,77120,39918937,202403131054
288052,77120,39918937,202403140024
615171,77120,39918937,202403131210
42606,77120,39918937,202403131043
405803,77120,39918937,202403131026
250124,77120,39918937,202403131147
162415,77120,39918937,202403131013
1154660,77120,39918937,202403131318
66784,77120,39918937,202403131638
77007,77120,39918937,202403131710
923666,77120,39918937,202403131023
77109,77120,39918937,202403131221
21585,77120,39918937,202403131023
376506,77120,39918937,202403131010
89,77120,39918937,202403131016
82426,77120,39918937,202403131121
93245,77120,39918937,202403131036
31272,77120,39918937,202403131010
632845,89126,143561566,202403131404
250124,89126,143561566,202403131202
65931,89126,143561566,202403131847
2231335,89126,143561566,202403131610
86515,89126,143561566,202403130953
2083564,89126,143561566,202403131306
1997145,89126,143561566,202403132334
65589,147951,82760110,202403131322
142529,147951,82760110,202403131303
240757,424024,32310989,202403150739
503804,424024,32310989,202403131146
139659,424024,32310989,202403131553
14380,424024,32310989,202403130800
46471,424024,32310989,202403140318
204264,424024,32310989,202403130842
442760,424024,32310989,202403131554
21585,424024,32310989,202403131057
236212,424024,32310989,202403131156
467,61725,55090528,202403131045
542742,61725,55090528,202403130255
507776,61725,55090528,202403130259
235086,61725,55090528,202403131018
64124,61725,55090528,202403131504
77142,61725,55090528,202403130820
34638,61725,55090528,202403130225
1644044,61725,55090528,202403130805
65228,61725,55090528,202403130221
2328446,61725,55090528,202403130422
